name.firstName,name.lastName,age,address.line1,address.line2,address.city,address.state,gender
Emma,Heidenreich,abc,7907 Feil Walk,Suite 976,New Clarkburgh,North Carolina,female
Aiden,Becker,35,2069 Krystina Court,Suite 433,West Noreenbury,New Jersey,male
Adrian,Schultz,62,02914 Dayne Walk,Unit 380,New Jesse,California,male
Cheryl,Herman,56,90260 Baumbach Drive,Unit 122,North Lindsey,West Virginia,female
Sophia,Davis,45,93703 Fadel Walk,Suite 704,Edenburgh,Delaware,female
Noah,Shanahan,36,28778 Farquhar Crescent,Unit 860,West Amandaberg,South Dakota,male
Elijah,Krajcik,63,6420 Marv Mills,Suite 847,Lisaview,California,male
Isla,Barrows,52,6853 Vandervort Circle,Suite 670,Port Bucktown,West Virginia,female
Mason,Krajcik,29,8450 Kunze Points,Suite 717,Southeast Alena,California,male
Sofia,Spencer,61,25419 Schaefer Path,Unit 642,Greenburgh,Florida,female
Owen,Trantow,26,2320 Zula Parkways,Suite 564,North Althea,Georgia,male
Amos,Balistreri,68,0693 Dooley Locks,Suite 738,Ninaview,North Dakota,male
Abigail,Krajcik,31,7880 Michaela Mews,Suite 238,East Rayport,California,female
Levi,Runolfsson,34,19429 Rose Mews,Unit 269,Port Amymouth,Alaska,male
Benjamin,Breitenberg,39,9078 Koelpin Ramp,Suite 149,East Kirsten,Idaho,male
Ellie,Bahringer,51,53598 Jevon Forge,Unit 425,East Elianaburgh,Florida,female
Hudson,Kunze,33,90809 O'Connell Extension,Suite 507,Lake Logan,West Virginia,male
Harper,Schneider,40,1421 Kovacek Tunnel,Unit 171,West Elzbethfurt,South Carolina,female
Lillian,Feil,67,15692 Kowalski Overpass,Suite 264,West Kristy,North Carolina,female
Ava,Quigley,25,7658 Conn Trails,Suite 582,Port Dallas,North Carolina,female
Emily,Schulist,57,945 Marissa Gardens,Suite 719,Port Rusty,Missouri,female
David,Mitchell,61,3489 Larkin Forest,Suite 760,North Annastad,Alaska,male
Carter,Schowalter,60,45192 Thiel Circle,Unit 768,South Brockview,California,male
Asher,Heathcote,23,736 Powlowski Point,Unit 607,North Misty,Georgia,male
Charlotte,Schneider,62,7030 Ratke Knolls,Suite 464,Port Temecula,Alabama,female
James,Cronin,60,41075 Keeling Mills,Unit 227,East Loris,West Virginia,male
Oliver,Stoltenberg,22,837 Toney Summit,Unit 332,Brooksstad,Mississippi,male
Aidan,McDermott,37,96798 Botsford Drive,Unit 895,South Santa,North Dakota,male
Avery,Thiel,44,5786 Wilkinson Locks,Unit 301,South Richard,South Carolina,female
Lily,McDermott,45,1418 Stoltenberg Mountain,Unit 698,Lake Zachary,Colorado,female
Mila,Koenig,37,8477 VonRueden Glens,Suite 225,North Johnnyside,North Carolina,female
Samuel,Spencer,29,8366 Schmidt Cove,Unit 153,South Jimmie,Ohio,male
Amelia,Schaden,47,87588 Thompson Ridges,Unit 269,West George,Florida,female
Jack,Beahan,51,3423 Pollich Spur,Unit 835,Port Lynden,North Carolina,male
Matthew,Leffler,25,3750 Harvey Hollow,Unit 288,Port Allyson,New York,male
Henry,Dach,37,49115 Powlowski Trail,Unit 789,South Jerry,Idaho,male
Lucy,Rowe,57,7536 Powlowski Estates,Unit 743,North Rufus,Missouri,female
Addison,McLaughlin,25,3490 Windler Grove,Unit 826,East Keithport,Georgia,female
Scarlett,Skiles,41,2671 Kub Towne,Unit 228,South Aiden,South Carolina,female
Benjamin,Hoeger,52,4434 Schmitt Walks,Unit 915,South Abel,North Carolina,male
Luna,Dach,54,4449 Margarette Way,Unit 536,South Shawn,South Carolina,female
Parker,Schmidt,43,3325 Runolfsson Stream,Suite 870,South Henrietta,Mississippi,male
Sophia,Runolfsson,21,8615 Leuschke Manor,Unit 479,East Terenceview,Mississippi,female
Finn,Schmitt,23,828 Smith Streets,Unit 263,West Danielle,Alabama,male
Addison,Skiles,36,7455 Breitenberg Ramp,Unit 181,Port Manuela,South Carolina,female
Joseph,Feeney,30,23716 Kohler Ramp,Unit 425,West Tovahstad,North Carolina,male
Emma,Bernier,60,6527 Champlin Squares,Suite 291,South Dawson,North Carolina,female
Henry,Connelly,28,67957 Leannon Port,Suite 763,East Rusty,Florida,male
Jacob,McKenzie,39,8294 Mraz River,Unit 146,North Orenstad,South Carolina,male
